ngram,count
add,8242872
xchg,1023877
dec,1555469
adc,987336
and,1619119
sbb,833457
inc,1976605
in,463896
out,450407
daa,311829
lods,286989
or,1090591
ins,423154
scas,234734
outs,564889
cmps,220710
stos,259619
retf,208333
imul,467308
aam,165288
iret,156798
movs,255348
enter,154594
das,155257
fs,165562
pusha,146302
fadd,119551
jp,130359
popa,280901
jno,123075
jo,212424
arpl,238103
aaa,124646
sub,1255708
clc,127352
gs,221193
loopne,126915
pushf,117520
cwde,116604
xlat,111389
sti,110465
aas,114271
jnp,119382
int,104433
sahf,105649
loope,104119
cld,123039
bound,130616
jecxz,103682
fwait,103928
lock,129543
es,92068
cs,103375
lahf,94425
les,90038
stc,98039
std,107281
aad,93255
ja,244288
into,95270
repnz,104059
popf,88145
int1,93416
cli,94830
cmc,96511
hlt,100359
lds,78511
ss,80684
loop,90847
rcl,91208
data16,104486
ror,94216
repz,89370
rcr,75313
addr16,92423
jns,168617
ds,69615
cdq,128069
fdiv,48184
js,153440
rol,145180
fild,58282
fcom,38951
fcomp,45621
fdivr,33194
fsubr,31610
fsub,33105
fisttp,27167
fiadd,27409
fistp,28733
fisubr,19584
fist,17487
fidiv,17185
fisub,15993
ficom,15656
jbe,204160
fst,22827
fidivr,15130
fnsave,12134
ficomp,14959
fmul,37144
fimul,15419
idiv,40764
fnstenv,10652
fcos,7732
fldenv,9654
fbld,9393
fbstp,8940
bnd,9333
bswap,7938
div,37297
frstor,7670
sldt,7752
jg,139989
fcmovne,4822
fnstcw,8136
fucomip,4701
fucomp,4430
ffreep,3936
pushw,3863
fcmovbe,3699
fucomi,3544
fcmovnb,3449
fcomi,3424
fcmovnbe,3321
fldcw,10287
fcmove,3085
fcmovb,3135
fcomip,3320
fucom,3206
punpckhdq,1781
leave,212099
fcmovnu,4013
pfmul,1291
movlps,1608
fsubrp,3023
cmpps,1201
cmovo,1315
str,1261
xadd,1335
verw,1026
punpckldq,1303
retfw,1154
lar,1246
retw,1098
verr,936
xrelease,1086
pfadd,736
cvtps2pi,838
unpcklps,888
cmovnp,787
paddsb,790
paddusb,771
rdmsr,758
lldt,766
pminub,755
setno,729
fdivrp,2573
maxps,758
cvttps2pi,755
psubb,785
sidtd,642
lgs,658
pmaxsw,739
rcpps,775
sysenter,752
cmovno,969
btr,808
emms,784
lsl,1075
popw,1061
punpcklbw,831
pavgw,743
pavgb,765
shufps,680
wbinvd,765
fdivp,3534
vpmulhuw,479
prefetcht1,487
prefetcht2,492
prefetchnta,510
notrack,507
ud0,1510
fprem,772
mulps,589
fnstenvw,454
pause,738
pushaw,533
movhps,751
cmpxchg,657
addps,572
ltr,62
ffree,3296
btc,457
psubw,407
cmovbe,782
f2xm1,743
femms,552
xacquire,188
xabort,87
psraw,359
rdpmc,351
packssdw,371
vmread,372
cvtdq2ps,390
iretw,189
psubsb,377
psubusb,369
fnsetpm(287,83
setp,93
psrad,333
pcmpgtb,360
andnps,313
punpckhwd,350
orps,386
wrmsr,145
minps,121
movntq,318
getsec,130
pmaddwd,303
psadbw,304
punpckhbw,401
packsswb,331
frstpm(287,79
rsm,289
callw,103
fldl2t,299
fneni(8087,332
rsqrtps,332
unpckhps,341
fnop,148
cmovp,316
psubusw,302
bndstx,270
pshufw,191
ud1,113
pmulhuw,142
comiss,372
ucomiss,322
fnsavew,181
maskmovq,304
punpcklwd,450
cvtpi2ps,296
leavew,106
sysexit,118
fxtract,86
sqrtps,309
rdtsc,342
fninit,426
jmpw,278
pmulhw,115
movnti,112
pushfw,125
lss,231
fsincos,301
fptan,291
subps,372
pcmpgtw,139
vmwrite,101
pmaxub,272
setnp,272
fyl2xp1,105
fndisi(8087,261
pfsub,153
paddsw,263
enterw,268
packuswb,286
popfw,114
fincstp,155
divps,135
clts,509
sysret,431
cvtps2pd,285
pminsw,249
fdecstp,235
xbegin,141
prefetch,127
paddusw,293
jcxz,269
pmullw,308
invd,454
syscall,372
movntps,184
paddw,366
lfs,90
fxam,730
paddb,239
pandn,313
fprem1,262
bndldx,216
fpatan,245
pslld,310
fxsave,78
psllw,263
xcrypt-cbc,52
psubsw,289
andps,667
fsin,285
lgdtd,27
movmskps,75
pfrcpit1,32
mulss,122
smsw,25
fldpi,383
cldemote,41
lmsw,28
pfrsqit1,22
cmovge,280
prefetchwt1,28
lidtd,48
pi2fd,31
pfcmpge,25
vshufps,22
subss,25
addss,45
fyl2x,751
movhlps,92
cmpxchg8b,44
prefetchw,54
setbe,295
psrlw,293
fldl2e,265
psubq,290
pfrsqrt,24
pinsrb,29
pfsubr,33
pfrcp,34
cvtss2sd,38
psubd,398
cvttss2si,39
finit,46
cvtsd2ss,47
cmovs,850
cvtpd2ps,53
cmovg,570
cmpltpd,56
pfrcpit2,53
cvtsd2si,57
pi2fw,61
divss,58
vpcmpeqb,79
aesdeclast,60
pcmpgtd,519
vpcmpeqw,88
setae,372
aesenclast,75
fsqrt,364
pfacc,84
fclex,141
xgetbv,88
fldlg2,345
cbw,401
fsubp,2340
pinsrw,476
vxorps,142
movss,359
vzeroupper,146
vpmovmskb,147
fsave,190
ucomisd,172
aesdec,170
fldln2,426
pcmpeqd,490
cwd,448
cvtsi2sd,193
cmpnlepd,198
cmovl,535
aesenc,209
psrldq,223
movlhps,318
cmpeqsd,233
sgdtd,350
unpckhpd,258
pand,1075
sets,590
popaw,991
subpd,305
setns,559
pcmpeqw,735
cvtdq2pd,384
unpcklpd,394
cvttsd2si,400
movaps,1548
psrld,767
pmuludq,804
bsf,852
por,810
ftst,744
paddq,787
divsd,454
pshuflw,468
fscale,810
pcmpistri,494
setle,1063
orpd,531
comisd,553
xorpd,591
cmova,1478
bts,1482
pcmpeqb,1226
fucompp,989
frndint,1056
ud2,1240
psllq,1195
bsr,1204
movups,3078
pshufd,1072
paddd,2169
addpd,1079
pextrw,1479
subsd,1163
ldmxcsr,1239
seta,1539
fabs,1641
mul,28579
pmovmskb,1553
fmulp,4429
setl,2927
fstcw,1663
andpd,1532
fcompp,2237
shld,2268
cmovb,2039
psrlq,1931
stmxcsr,1688
cpuid,2058
setb,2032
pxor,2162
mulpd,1759
setge,2566
fld1,3093
jae,300912
faddp,5683
xorps,2895
palignr,2647
movsd,2648
addsd,2716
mulsd,2726
fcmovu,5168
fchs,3636
fstsw,3446
shrd,4205
movq,6491
cmovns,3745
movd,5176
cmovae,5142
movapd,3683
bt,5242
seto,5073
cmovle,4573
movlpd,4774
cmove,5308
fldz,6970
cmovne,6493
movdqu,7158
fnstsw,19975
fxch,14353
shl,210734
not,48875
sar,122218
jle,180204
movdqa,25678
jl,220612
rep,63753
setne,40135
sete,38837
fnclex,43427
fld,95420
setg,44117
jge,200768
fstp,88321
neg,108699
movsx,88570
jb,435844
shr,199555
movzx,443435
nop,685634
xor,1800516
ret,1429698
jne,1785553
test,2202433
jmp,2257614
pop,3649403
je,2615484
cmp,3377388
lea,3209681
int3,2873367
call,5810185
push,12194933
mov,17578828
